metric,modal,n,mean_base,mean_var,delta,cliffs_delta,effect,wilcoxon_stat,p_value,p_adj_holm,verdict
EN,CT,24,4.686797749583205,4.548173954669871,-0.13862379491333332,-0.3159722222222222,small,0.0,1.0,1.0,NS
VAR,CT,24,80.77078646485059,70.11447271514258,-10.656313749708005,-0.9201388888888888,large,0.0,1.0,1.0,NS
AG,CT,24,8.755430774745948,9.898233916457594,1.1428031417116458,0.4444444444444444,medium,300.0,5.960464477539063e-08,1.4901161193847656e-06,SIG
SF,CT,24,36.53799267093689,42.07435922020981,5.53636654927292,0.6631944444444444,large,300.0,5.960464477539063e-08,1.4901161193847656e-06,SIG
EI,CT,24,88.0515270392708,98.41634770113511,10.364820661864314,0.4444444444444444,medium,300.0,5.960464477539063e-08,1.4901161193847656e-06,SIG
MI,CT,24,65.71292114257812,51.91980298360189,-13.793118158976235,-0.9305555555555556,large,0.0,1.0,1.0,NS
NCIE,CT,24,0.8071417624089247,0.8073040490388212,0.00016228662989659082,0.16319444444444445,small,210.0,0.04468661546707153,0.670299232006073,MARGINAL
MI_mutual,CT,24,2.14508450507375,2.1607243230891107,0.015639818015360518,0.1527777777777778,small,179.0,0.2111707329750061,1.0,NS
NABF,CT,24,0.019666141240353974,0.03555964259911989,0.015893501358765914,-0.8923611111111112,large,0.0,1.0,1.0,NS
FMI,CT,24,0.6710997311464278,0.6720310393461247,0.0009313081996968897,0.03125,trivial,189.0,0.13840770721435547,1.0,NS
CE,CT,24,1.5800952339050498,1.284845118542547,-0.2952501153625029,0.6527777777777778,large,299.0,1.1920928955078125e-07,2.6226043701171875e-06,SIG
SSIM,CT,24,1.4798800462702637,1.4100563523861347,-0.06982369388412901,-0.6423611111111112,large,0.0,1.0,1.0,NS
PSNR,CT,24,14.405257576702025,14.119952420344342,-0.2853051563576834,-0.2916666666666667,small,7.0,0.9999991655349731,1.0,NS
RMSE,CT,24,50.15341487566516,50.541359178145456,0.38794430248029244,-0.11805555555555555,trivial,72.0,0.9885339736938477,1.0,NS
QG,CT,24,0.6140704301416217,0.6453840001791357,0.031313570037514005,0.3472222222222222,medium,296.0,4.172325134277344e-07,8.761882781982422e-06,SIG
QM,CT,24,0.008811166075949603,0.014800048699880372,0.005988882623930769,0.5173611111111112,large,287.0,5.245208740234375e-06,0.0001049041748046875,SIG
QC,CT,24,0.4712679216852795,0.48910290425809916,0.01783498257281968,0.17708333333333334,small,225.0,0.015740811824798584,0.25185298919677734,MARGINAL
QS,CT,24,0.40035061537245314,0.3946981559455656,-0.005652459426887524,-0.11805555555555555,trivial,107.0,0.8908905386924744,1.0,NS
QCB,CT,24,0.7965497021856812,0.813005567332242,0.016455865146560833,0.1527777777777778,small,283.0,1.233816146850586e-05,0.00023442506790161133,SIG
QCV,CT,24,578.465495683921,820.0660491943216,241.6005535104007,-0.8402777777777778,large,0.0,1.0,1.0,NS
QY,CT,24,0.9258746160622987,0.9151081663201147,-0.010766449742183992,-0.25,small,24.0,0.9999618530273438,1.0,NS
QMI,CT,24,0.7776905304685849,0.7943436781574332,0.01665314768884829,0.1909722222222222,small,230.0,0.010563552379608154,0.17958039045333862,MARGINAL
QSF,CT,24,0.05131620141211348,0.0870521075063712,0.03573590609425772,0.7326388888888888,large,273.0,7.480382919311523e-05,0.0013464689254760742,SIG
QNCIE,CT,24,0.8071417624089245,0.8073040490388212,0.00016228662989670184,0.16319444444444445,small,210.0,0.04468661546707153,0.670299232006073,MARGINAL
QTE,CT,24,-8.580386610573504,-8.523749929965298,0.05663668060820548,0.034722222222222224,trivial,164.0,0.352378249168396,1.0,NS
EN,PET,24,5.615156978998519,5.371976800914804,-0.2431801780837155,-0.2152777777777778,small,0.0,1.0,1.0,NS
VAR,PET,24,89.52869657843478,78.55314602487552,-10.975550553559259,-0.9861111111111112,large,0.0,1.0,1.0,NS
AG,PET,24,11.562101731537913,11.922067730788319,0.35996599925040584,0.13541666666666666,trivial,295.0,5.960464477539062e-07,1.3113021850585938e-05,SIG
SF,PET,24,35.243119525899026,35.77873818456496,0.535618658665932,0.1284722222222222,trivial,282.0,1.5079975128173828e-05,0.0002714395523071289,SIG
EI,PET,24,118.03145972014865,121.14000841482653,3.1085486946778786,0.1388888888888889,trivial,289.0,3.2782554626464844e-06,6.22868537902832e-05,SIG
MI,PET,24,81.30413309733073,68.77422014872234,-12.529912948608398,-0.6666666666666666,large,0.0,1.0,1.0,NS
NCIE,PET,24,0.8106392109366026,0.8115557709916467,0.0009165600550440356,0.2916666666666667,small,290.0,2.562999725341797e-06,5.3822994232177734e-05,SIG
MI_mutual,PET,24,2.5503755165274353,2.6350598026890406,0.08468428616160528,0.1909722222222222,small,275.0,5.3822994232177734e-05,0.0009149909019470215,SIG
NABF,PET,24,0.01812378972797328,0.02758350997988705,0.009459720251913769,-0.7222222222222222,large,5.0,0.9999995827674866,1.0,NS
FMI,PET,24,0.6262621819649624,0.626609100493942,0.00034691852897961173,0.0,trivial,131.0,0.7080969214439392,1.0,NS
CE,PET,24,1.1180307727222487,1.1748740160288043,0.056843243306555546,-0.1840277777777778,small,45.0,0.9992101788520813,1.0,NS
SSIM,PET,24,1.4042733120334596,1.2924317246485022,-0.11184158738495742,-0.6388888888888888,large,0.0,1.0,1.0,NS
PSNR,PET,24,16.528441253577228,16.694435734165847,0.1659944805886191,0.16666666666666666,small,219.0,0.02453058958053589,0.3924894332885742,MARGINAL
RMSE,PET,24,49.83680045429028,51.38318335908712,1.5463829047968431,-0.2465277777777778,small,0.0,1.0,1.0,NS
QG,PET,24,0.7343903930038415,0.7641132880397462,0.02972289503590475,0.4236111111111111,medium,300.0,5.960464477539063e-08,1.4901161193847656e-06,SIG
QM,PET,24,0.07402120813689496,0.231849815617771,0.15782860748087602,1.0,large,300.0,5.960464477539063e-08,1.4901161193847656e-06,SIG
QC,PET,24,0.6631819685990168,0.6334811756578006,-0.029700792941216192,-0.3472222222222222,medium,5.0,0.9999995827674866,1.0,NS
QS,PET,24,0.607745381638071,0.5476446419315749,-0.0601007397064961,-0.5277777777777778,large,1.0,0.9999999403953552,1.0,NS
QCB,PET,24,0.8962270567358969,0.8960154549238063,-0.00021160181209056717,-0.013888888888888888,trivial,94.0,0.9463087320327759,1.0,NS
QCV,PET,24,53.1310159531026,100.026406757376,46.8953908042734,-0.8263888888888888,large,0.0,1.0,1.0,NS
QY,PET,24,0.956416097565203,0.9482472874733574,-0.008168810091845558,-0.3923611111111111,medium,16.0,0.9999918341636658,1.0,NS
QMI,PET,24,0.7648673180614319,0.8093855715842254,0.04451825352279348,0.5277777777777778,large,298.0,1.7881393432617188e-07,4.112720489501953e-06,SIG
QSF,PET,24,0.032925042248825,0.021892505497036235,-0.011032536751788762,-0.59375,large,29.0,0.9999122619628906,1.0,NS
QNCIE,PET,24,0.8106392109366026,0.8115557709916468,0.0009165600550441466,0.2916666666666667,small,290.0,2.562999725341797e-06,5.3822994232177734e-05,SIG
QTE,PET,24,-5.29132295738981,-5.774399131633204,-0.48307617424339355,-0.3576388888888889,medium,0.0,1.0,1.0,NS
EN,SPECT,24,5.004351852732141,4.841454664732383,-0.16289718799975805,-0.11805555555555555,trivial,6.0,0.9999994039535522,1.0,NS
VAR,SPECT,24,60.2802005359027,53.39139296807296,-6.888807567829744,-0.6076388888888888,large,0.0,1.0,1.0,NS
AG,SPECT,24,6.957361602163638,6.847924815118763,-0.10943678704487514,-0.06597222222222222,trivial,60.0,0.9960397481918335,1.0,NS
SF,SPECT,24,22.282767358110732,21.849192579325734,-0.4335747787849975,-0.11805555555555555,trivial,49.0,0.9987418055534363,1.0,NS
EI,SPECT,24,70.35363507164747,68.91760926852862,-1.4360258031188522,-0.10069444444444445,trivial,51.0,0.998428463935852,1.0,NS
MI,SPECT,24,46.75687026977539,40.139122009277344,-6.617748260498047,-0.4618055555555556,medium,0.0,1.0,1.0,NS
NCIE,SPECT,24,0.8145229320065791,0.8108799413224178,-0.003642990684161296,-0.6354166666666666,large,5.0,0.9999995827674866,1.0,NS
MI_mutual,SPECT,24,3.081361902397589,2.722821900175768,-0.35854000222182103,-0.6076388888888888,large,8.0,0.9999988675117493,1.0,NS
NABF,SPECT,24,0.03293180925492176,0.020155534513308166,-0.01277627474161359,0.75,large,283.0,1.233816146850586e-05,0.0003084540367126465,SIG
FMI,SPECT,24,0.6525902981072441,0.6564886987439467,0.003898400636702548,-0.010416666666666666,trivial,162.0,0.373462975025177,1.0,NS
CE,SPECT,24,1.1996373953625652,0.9907303534947373,-0.20890704186782794,0.3506944444444444,medium,268.0,0.00016117095947265625,0.00386810302734375,SIG
SSIM,SPECT,24,1.4318665576003402,1.3946107530551097,-0.037255804545230475,-0.20833333333333334,small,2.0,0.9999998807907104,1.0,NS
PSNR,SPECT,24,26.531646226491095,21.202535616654252,-5.329110609836842,-0.9652777777777778,large,2.0,0.9999998807907104,1.0,NS
RMSE,SPECT,24,25.456789252984887,28.800746999140898,3.3439577461560113,-0.5069444444444444,large,4.0,0.9999997019767761,1.0,NS
QG,SPECT,24,0.7584415889714412,0.751401063619603,-0.007040525351838189,-0.09722222222222222,trivial,42.0,0.9994536638259888,1.0,NS
QM,SPECT,24,0.16802872056617776,0.09091982366701439,-0.07710889689916338,-0.6909722222222222,large,11.0,0.9999974370002747,1.0,NS
QC,SPECT,24,0.6507104972348273,0.639543120448113,-0.011167376786714311,-0.024305555555555556,trivial,87.0,0.9654491543769836,1.0,NS
QS,SPECT,24,0.5518985650320835,0.5461296296102969,-0.005768935421786581,-0.013888888888888888,trivial,103.0,0.9110099077224731,1.0,NS
QCB,SPECT,24,0.8802212411669412,0.8801763016706441,-4.493949629713612e-05,-0.010416666666666666,trivial,86.0,0.9676753282546997,1.0,NS
QCV,SPECT,24,33.54253082300461,40.38549511347091,6.842964290466298,-0.2743055555555556,small,1.0,0.9999999403953552,1.0,NS
QY,SPECT,24,0.9853877545826091,0.9718416490174867,-0.013546105565122368,-0.6736111111111112,large,16.0,0.9999918341636658,1.0,NS
QMI,SPECT,24,1.0219421581442514,0.9188646011315003,-0.10307755701275112,-0.7743055555555556,large,18.0,0.9999876618385315,1.0,NS
QSF,SPECT,24,0.03066538748234642,0.04594748415204968,0.015282096669703264,0.4270833333333333,medium,230.0,0.010563552379608154,0.24296170473098755,MARGINAL
QNCIE,SPECT,24,0.8145229320065791,0.8108799413224178,-0.003642990684161296,-0.6354166666666666,large,5.0,0.9999995827674866,1.0,NS
QTE,SPECT,24,-10.813591745242661,-10.733342349195022,0.08024939604763937,-0.010416666666666666,trivial,165.0,0.34199321269989014,1.0,NS
EN,ALL,72,5.102102193771287,4.920535140105685,-0.181567053665602,-0.13695987654320987,trivial,6.0,0.9999999999998933,1.0,NS
VAR,ALL,72,76.85989452639602,67.35300390269703,-9.506890623698993,-0.4243827160493827,medium,0.0,0.9999999999999171,1.0,NS
AG,ALL,72,9.091631369482501,9.556075487454892,0.46444411797239127,0.11072530864197531,trivial,2254.0,6.63809846159627e-08,1.593143630783105e-06,SIG
SF,ALL,72,31.354626518315538,33.234096661366834,1.8794701430512966,0.15817901234567902,small,2099.0,5.284818724698649e-06,0.00011098119321867164,SIG
EI,ALL,72,92.14554061035564,96.15798846149677,4.012447851141133,0.0933641975308642,trivial,2200.0,3.3139618158121207e-07,7.622112176367878e-06,SIG
MI,ALL,72,64.59130816989475,53.61104838053385,-10.980259789360893,-0.38233024691358025,medium,0.0,0.9999999999999171,1.0,NS
NCIE,ALL,72,0.810767968450702,0.8099132537842952,-0.0008547146664067418,-0.07947530864197531,trivial,1147.0,0.8256600205927191,1.0,NS
MI_mutual,ALL,72,2.592273974666258,2.506202008651306,-0.08607196601495204,-0.07368827160493827,trivial,1031.0,0.9438691821831351,1.0,NS
NABF,ALL,72,0.02357391340774967,0.027766229030771698,0.004192315623022028,-0.2550154320987654,small,892.0,0.9910609860074573,1.0,NS
FMI,ALL,72,0.6499840704062115,0.6517096128613379,0.0017255424551263499,0.019675925925925927,trivial,1312.0,0.5044773895923601,1.0,NS
CE,ALL,72,1.2992544673299544,1.150149829355363,-0.1491046379745915,0.2195216049382716,small,2122.0,2.8904491218871845e-06,6.358988068151806e-05,SIG
SSIM,ALL,72,1.4386733053013545,1.3656996100299155,-0.07297369527143904,-0.4085648148148148,medium,2.0,0.9999999999999097,1.0,NS
PSNR,ALL,72,19.15511501892345,17.338974590388148,-1.8161404285353022,-0.12114197530864197,trivial,519.0,0.9999959267323922,1.0,NS
RMSE,ALL,72,41.81566819431344,43.575096512124496,1.7594283178110572,-0.13773148148148148,trivial,139.0,0.9999999999785558,1.0,NS
QG,ALL,72,0.7023008040389681,0.7202994506128283,0.01799864657386019,0.11766975308641975,trivial,2263.0,5.033865669843216e-08,1.258466417460804e-06,SIG
QM,ALL,72,0.08362036492634077,0.11252322932822192,0.028902864401881154,0.18557098765432098,small,1773.0,0.005000896491717114,0.09501703334262518,MARGINAL
QC,ALL,72,0.5950534625063746,0.587375733454671,-0.007677729051703608,-0.04938271604938271,trivial,909.0,0.9884789488925446,1.0,NS
QS,ALL,72,0.5199981873475359,0.49615747582914577,-0.023840711518390123,-0.12422839506172839,trivial,444.0,0.9999994753851774,1.0,NS
QCB,ALL,72,0.8576660000295065,0.8630657746422308,0.0053997746127242285,0.03433641975308642,trivial,1611.0,0.047789725748306866,0.8602150634695236,MARGINAL
QCV,ALL,72,221.7130141533427,320.15931702172276,98.44630286838006,-0.27314814814814814,small,1.0,0.9999999999999135,1.0,NS
QY,ALL,72,0.9558928227367036,0.9450657009369863,-0.010827121799717343,-0.22453703703703703,small,159.0,0.9999999999545942,1.0,NS
QMI,ALL,72,0.8548333355580895,0.8408646169577195,-0.013968718600369967,0.07060185185185185,trivial,1215.0,0.7107433570153007,1.0,NS
QSF,ALL,72,0.038302210381094964,0.05163069905181904,0.013328488670724073,0.1732253086419753,small,1859.0,0.0011127121172205183,0.022254242344410365,SIG
QNCIE,ALL,72,0.810767968450702,0.8099132537842952,-0.0008547146664067418,-0.07947530864197531,trivial,1147.0,0.8256600205927191,1.0,NS
QTE,ALL,72,-8.228433771068659,-8.343830470264509,-0.11539669919585016,-0.05401234567901234,trivial,956.0,0.9777307049431301,1.0,NS
